{
  "timestamp": "2026-01-27T04:11:18.534170",
  "models": {
    "random_forest": {
      "model_name": "random_forest",
      "accuracy": 0.9035087719298246,
      "precision": 0.9545454545454546,
      "recall": 0.8873239436619719,
      "f1": 0.9197080291970803,
      "auc_roc": 0.9692106125122831,
      "cv_scores": [
        0.9010989010989011,
        0.9560439560439561,
        0.8681318681318682,
        0.8901098901098901,
        0.9010989010989011
      ],
      "feature_importances": {
        "usage_perc_y": 0.18312863867342052,
        "usage_perc_a": 0.03640545752072083,
        "usage_total": 0.12361927014856872,
        "status_score": 0.2359902295023842,
        "chrome_support": 0.000799277651913375,
        "firefox_support": 0.04168507891530011,
        "safari_support": 0.03294531640895938,
        "edge_support": 0.0017116118577312754,
        "ie_support": 0.005749303686881033,
        "opera_support": 0.006347606338836745,
        "avg_browser_support": 0.042087807758631246,
        "min_browser_support": 0.02176964675321635,
        "max_browser_support": 0.0,
        "browsers_full_support": 0.0596093657054634,
        "browsers_partial_support": 0.0015588804924048308,
        "browsers_no_support": 0.01737189326727347,
        "support_variance": 0.008363457109396493,
        "keyword_count": 0.020663464018297096,
        "bug_count": 0.020530985332793322,
        "link_count": 0.016543572274454365,
        "notes_count": 0.014175952739463371,
        "has_parent": 0.012252418825518831,
        "has_prefix": 0.0,
        "description_length": 0.03376802178728011,
        "title_length": 0.029601640901678064,
        "category_encoded": 0.033321102329413065
      },
      "training_time": 0.8501358032226562
    },
    "logistic_regression": {
      "model_name": "logistic_regression",
      "accuracy": 0.8859649122807017,
      "precision": 0.953125,
      "recall": 0.8591549295774648,
      "f1": 0.9037037037037037,
      "auc_roc": 0.9561087454962331,
      "cv_scores": [
        0.9120879120879121,
        0.9120879120879121,
        0.8131868131868132,
        0.9120879120879121,
        0.8461538461538461
      ],
      "feature_importances": {
        "usage_perc_y": 2.5248198137440805,
        "usage_perc_a": 1.3064992062948735,
        "usage_total": 2.0878762116992284,
        "status_score": 2.5661072539942866,
        "chrome_support": 0.002550671641306275,
        "firefox_support": 1.2385524684674594,
        "safari_support": 1.3682977974157888,
        "edge_support": 0.0028487977232566145,
        "ie_support": 0.7426009755266617,
        "opera_support": 0.0027719261267061474,
        "avg_browser_support": 0.3828867796372925,
        "min_browser_support": 0.3841814200938325,
        "max_browser_support": 0.0033334037262063207,
        "browsers_full_support": 0.5713740770709242,
        "browsers_partial_support": 0.5790040759587026,
        "browsers_no_support": 0.2826874706649397,
        "support_variance": 0.591230857213754,
        "keyword_count": 0.1299766283664837,
        "bug_count": 0.24680501124988988,
        "link_count": 0.09628652734399226,
        "notes_count": 0.15121257166876745,
        "has_parent": 0.2978276278441656,
        "has_prefix": 0.0,
        "description_length": 0.21519365603222584,
        "title_length": 0.2471036213911087,
        "category_encoded": 0.5698860349403425
      },
      "training_time": 0.046389102935791016
    },
    "gradient_boosting": {
      "model_name": "gradient_boosting",
      "accuracy": 0.9298245614035088,
      "precision": 0.9701492537313433,
      "recall": 0.9154929577464789,
      "f1": 0.9420289855072463,
      "auc_roc": 0.9711758925646905,
      "cv_scores": [
        0.9230769230769231,
        0.989010989010989,
        0.8901098901098901,
        0.978021978021978,
        0.9120879120879121
      ],
      "feature_importances": {
        "usage_perc_y": 0.41124965481244774,
        "usage_perc_a": 0.001506632960397933,
        "usage_total": 0.006039816908331911,
        "status_score": 0.33584687205104613,
        "chrome_support": 0.0,
        "firefox_support": 0.012304485802983593,
        "safari_support": 0.012587622758955285,
        "edge_support": 0.0,
        "ie_support": 0.002172544329456429,
        "opera_support": 0.0,
        "avg_browser_support": 0.00022465942443974324,
        "min_browser_support": 0.002636248840531034,
        "max_browser_support": 0.0,
        "browsers_full_support": 0.0027873536527299875,
        "browsers_partial_support": 4.5453347973755326e-05,
        "browsers_no_support": 0.0002754377502303273,
        "support_variance": 0.011046133350356169,
        "keyword_count": 0.011269520594982296,
        "bug_count": 0.01567175405171273,
        "link_count": 0.0037591649531674193,
        "notes_count": 0.0032657036184709333,
        "has_parent": 0.004000628129055004,
        "has_prefix": 0.0,
        "description_length": 0.021520911197348426,
        "title_length": 0.018610745211752114,
        "category_encoded": 0.1231786562536311
      },
      "training_time": 1.4001352787017822
    }
  },
  "best_model": "gradient_boosting"
}